{
    "image_path": "data/raw/test/Urban/images_png/5978.png",
    "green_score": 19.13358309743089,
    "class_proportions": {
        "background": 0.691218324851019,
        "building": 0.058344842320517024,
        "road": 0.0027964931289438948,
        "water": 0.22912549501362003,
        "barren": 0.01062514783643758,
        "forest": 1.1445401619142815e-05,
        "agriculture": 0.007878251447843305
    }
}