{
    "image_path": "data/raw/test/Urban/images_png/5978.png",
    "green_score": 19.259345446777015,
    "class_proportions": {
        "background": 0.7504053285927372,
        "building": 0.06151075980513709,
        "road": 0.010090297673318507,
        "water": 0.014614718482602342,
        "barren": 0.022732734909378063,
        "forest": 0.02415567669846986,
        "agriculture": 0.11649048383835686
    }
}