{
    "image_path": "data/raw/test/Urban/images_png/5978.png",
    "green_score": 16.391509883896173,
    "class_proportions": {
        "background": 0.43390323282193727,
        "building": 0.11069353244840571,
        "road": 0.0016215618120285547,
        "water": 0.061451469516545655,
        "barren": 0.3696893850656065,
        "forest": 4.1969835134856714e-05,
        "agriculture": 0.02259884850034148
    }
}