{
    "pixel_accuracy": 0.2961419423421224,
    "mean_iou": 0.09194384726773326,
    "iou_per_class": {
        "1": 0.20208141952753067,
        "2": 0.1441455433766047,
        "3": 0.02594830427551642,
        "4": 0.0597358550876379,
        "5": 0.05437632525960604,
        "6": 0.010925660220285257,
        "7": 0.14639382312695184
    }
}