{
    "pixel_accuracy": 0.25851476068298024,
    "mean_iou": 0.06244807761339914,
    "iou_per_class": {
        "1": 0.023000146262347698,
        "2": 0.0287854199608167,
        "3": 0.10991131312524278,
        "4": 0.0,
        "5": 0.021856220439076424,
        "6": 0.016766461078077555,
        "7": 0.23681698242823282
    }
}