{
    "pixel_accuracy": 0.295257568359375,
    "mean_iou": 0.09661493084110719,
    "iou_per_class": {
        "1": 0.19137694438298544,
        "2": 0.19621584316094717,
        "3": 0.00346423193695955,
        "4": 0.1708536350633949,
        "5": 0.04800406532982985,
        "6": 0.003600511389474074,
        "7": 0.06278928462415934
    }
}