{
    "pixel_accuracy": 0.20623207092285156,
    "mean_iou": 0.07686603350642447,
    "iou_per_class": {
        "1": 0.12538568178812662,
        "2": 0.1551783268029491,
        "3": 0.011025137403824678,
        "4": 0.15729832152525583,
        "5": 0.07388174813240767,
        "6": 0.0015011215582489967,
        "7": 0.01379189733415842
    }
}